{"_wandb":{"runtime":93},"corner_ratio":0.007587890625,"batch_total_loss":0.0372328944504261,"_runtime":93,"focal_gamma":2,"batch_distance_loss":0.024514589458703995,"epoch":0,"_step":1,"batch_focal_loss":0.012718304991722107,"epoch_avg_loss":0.05874424114664818,"_timestamp":1.7628780524737365e+09,"epoch_time":62.4406943321228}